selected,url,story_id,title,relevance_score,quality_score,combined_score,read_count,vote_count,comment_count,popularity_hits,search_hits,tags,reasons,quality_reasons,synopsis
True,https://www.wattpad.com/story/391415617,391415617,Dark Psychology 101: The Cognitive Exploitation,95.0,10.883165636672675,105.88316563667267,35891,301,27,0,1,"[""darkmind"", ""darkpsychology"", ""emotionalabuse"", ""gaslighting"", ""humanbehavior"", ""influence"", ""machiavellianism"", ""manipulation"", ""mentalmanipulation"", ""mindcontrol"", ""mindgames"", ""mustread"", ""nonfiction"", ""persuasion"", ""powerandcontrol"", ""psychoanalysis"", ""psychological"", ""psychologicaltactics"", ""psychologicalthriller"", ""psychologicalwarfare"", ""psychology"", ""psychology101"", ""psychtricks"", ""selfhelp"", ""socialengineering"", ""Non-Fiction""]","[""philosophy:ethical"", ""psychology:psychology"", ""title:psychology"", ""psychology:psychological"", ""psychology:cognitive"", ""title:cognitive"", ""strong-tag:psychological"", ""strong-tag:psychology"", ""cross-domain-evidence"", ""multi-signal""]","[""reads=35891"", ""votes=301"", ""comments=27""]","(~|[Abstract]|~)

Manipulation and persuasion are powerful tools that shape human interactions, often operating beneath the surface of awareness. Dark Psychology 101 explores the intricate world of dark psychology, revealing the psychological mechanisms behind influence, deception, and control. By dissecting manipulation techniques-from mirroring and gaslighting to guilt-tripping and triangulation-this book provides a comprehensive understanding of how manipulators operate. It examines the thin line between ethical persuasion and coercive manipulation, highlighting the vulnerabilities that make individuals susceptible to influence. While offering insights into these tactics, the book emphasizes the importance of awareness, self-defense, and ethical considerations in navigating the complex landscape of human interactions. Whether you seek to recognize manipulation or develop persuasive skills responsibly, Dark Psychology 101 serves as a guide to mastering the psychology of influence."
True,https://www.wattpad.com/story/246002648,246002648,Psychological facts about dreams,57.9,11.864226365681866,69.76422636568186,28092,771,87,0,1,"[""amazing"", ""amazingfacts"", ""behavior"", ""didyouknow"", ""facts"", ""funfacts"", ""interesting"", ""knowledge"", ""learn"", ""lifetime"", ""mind"", ""psychological"", ""psychology"", ""psychologyfacts"", ""sciencefacts"", ""scientific"", ""scientist"", ""wattpad"", ""Random""]","[""psychology:psychology"", ""psychology:psychological"", ""title:psychological"", ""strong-tag:psychological"", ""strong-tag:psychology"", ""multi-signal""]","[""reads=28092"", ""votes=771"", ""comments=87""]","Here are some interesting psychological facts about dreams. People often wonder about things such as: Why do we dream? What do dreams mean? How does dreaming work? What is dreaming? Well, these are just some of the questions this book, Psychology and neuroscience have discovered a lot about dreaming through sleep studies conducted in the REM sleep stage, and they were able to provide some truly fascinating answers to these questions. Book full of incredible, curious and mind blowing facts which you probably don't know. You will be able to increase your knowledge with the very best facts. Read the book to know further. FOLLOW ME FOR MORE UPDATES!!HOPE YOU GUYS ENJOY MY BOOK!!"
True,https://www.wattpad.com/story/192690761,192690761,Psychology For Dummies,51.6,15.193718572362162,66.79371857236217,133050,4503,2062,0,1,"[""anger"", ""animal"", ""boys"", ""brain"", ""crush"", ""deperession"", ""dream"", ""facts"", ""girls"", ""happiness"", ""healyourproblem"", ""interesting"", ""life"", ""loneliness"", ""love"", ""mind"", ""personality"", ""phobia"", ""psychologicalfacts"", ""psychology"", ""readtogether"", ""sadness"", ""stayhome"", ""teenagers"", ""treatment"", ""Non-Fiction""]","[""psychology:psychology"", ""title:psychology"", ""psychology:psychological"", ""strong-tag:psychology"", ""multi-signal""]","[""reads=133050"", ""votes=4503"", ""comments=2062""]","Psychology is formally study of mental processes, behaviour and experience in different contexts.

Do keep in mind while reading that the psychological facts are nothing but research. The facts are universally applicable few may be an exception to it.

This book includes facts about the human psyche moreover this book is very much productive for any age group. If you are a beginner in psychology this book (includes facts) may provide you ease in understanding the concepts of psychology.

To know more about psychology in-depth visit, like, share and follow me on WordPress

https://mindcare20.wordpress.com/"
True,https://www.wattpad.com/story/254314754,254314754,Psychological Facts,56.9,9.742522402137897,66.6425224021379,103777,2724,208,0,1,"[""behavior"", ""bodylanguage"", ""brain"", ""brainfacts"", ""crush"", ""crushfacts"", ""dreams"", ""english"", ""facts"", ""factsaboutlove"", ""family"", ""friendship"", ""funfacts"", ""human"", ""love"", ""lovefacts"", ""psychological"", ""psychology"", ""someone"", ""unknownfacts"", ""Random""]","[""psychology:psychological"", ""title:psychological"", ""psychology:human behavior"", ""strong-tag:psychological"", ""strong-tag:psychology"", ""multi-signal""]","[""reads=103777"", ""votes=2724"", ""comments=208"", ""presentation:very-short-synopsis""]","psychological facts about love, crush, dreams, human behavior and body language."
True,https://www.wattpad.com/story/392848764,392848764,My Husband Was a Mass Murderer: A Psychological Thriller,54.2,11.143448944648057,65.34344894464806,13363,356,72,0,2,"[""blackwoman"", ""creepystories"", ""horror"", ""horror-thriller"", ""horrorfiction"", ""horrorromance"", ""husband"", ""husbandandwife"", ""killer"", ""marriage"", ""massacre"", ""massmurder"", ""murder"", ""mystery"", ""mystery-thriller"", ""pregnancy"", ""psycho"", ""psycho-thriller"", ""psychological"", ""scared"", ""scary"", ""serialkiller"", ""slaughtered"", ""suspense"", ""thriller"", ""Mystery / Thriller""]","[""psychology:psychological"", ""title:psychological"", ""psychology:sanity"", ""psychology:insanity"", ""psychology:psychological thriller"", ""title:psychological thriller"", ""strong-tag:psychological"", ""multi-signal""]","[""reads=13363"", ""votes=356"", ""comments=72""]","Britney loves her husband. He's kind, sweet, and an upstanding citizen. He usually does everything with a moral compass, except for that one time when he killed a group of people. That was simply a stability slip. He pled insanity and served his time in a mental institution. He's better now, though. He's been rehabilitated... right?"
True,https://www.wattpad.com/story/89141665,89141665,Psychology Says,50.6,14.144225165558925,64.74422516555893,764378,35988,10642,0,1,"[""behavior"", ""best"", ""brain"", ""details"", ""dreams"", ""facts"", ""famous"", ""feelings"", ""food"", ""information"", ""knowledge"", ""life"", ""love"", ""personality"", ""physical"", ""psychological"", ""psychology"", ""psychologysays"", ""science"", ""trivia"", ""unlimitedpride"", ""Random""]","[""psychology:psychology"", ""title:psychology"", ""strong-tag:psychological"", ""strong-tag:psychology"", ""multi-signal""]","[""reads=764378"", ""votes=35988"", ""comments=10642"", ""presentation:very-short-synopsis""]","Need foods for your brain? Read my book and discover the psychology world.

Enjoy reading and don't forget to vote!"
True,https://www.wattpad.com/story/120255658-cognitive-deviance,120255658,Cognitive Deviance,44.9,18.481796548241345,63.38179654824134,358688,16902,9422,1,0,"[""action"", ""crime"", ""cyberpunk"", ""dark"", ""death"", ""detective"", ""disturbing"", ""dystopian"", ""femaleprotagonist"", ""futuristic"", ""mentalhealth"", ""murder"", ""newadult"", ""police"", ""psycho"", ""psychological"", ""sci-fi"", ""science-fiction"", ""sciencefiction"", ""scifi"", ""strongfemalelead"", ""suspense"", ""terrorism"", ""texttospeech"", ""thriller"", ""Science Fiction""]","[""psychology:mental illness"", ""psychology:mental health"", ""psychology:cognitive"", ""title:cognitive"", ""strong-tag:psychological"", ""multi-signal""]","[""reads=358688"", ""votes=16902"", ""comments=9422"", ""popularity-surfaces=1""]","In 2045, Psychwatch treats the mentally ill or cages them. Margo wants to bring empathy to every patient but a killer pushes her, and the system, to the limits

*****

In a dark future, more than a third of the United States population suffers from mental illness and violent crime is on the rise. In response, Psychwatch is formed - an organization intended to combine mental healthcare and law enforcement - creating monitored areas and neglected ones known as the Psycho Slums. Margo Sandoval is the latest recruit to Psychwatch, bringing a new level of empathy to the controversial agency known for its unforgiving methods. Margo spends her days as an Empath treating everyone possible, until the arrival of a new serial killer upends her life and forces her to confront the evils of the human mind and the system that claims to be the solution."
True,https://www.wattpad.com/story/210056770,210056770,Human Psychology,47.1,15.708044342594793,62.8080443425948,270988,8426,1121,0,1,"[""biologicalfacts"", ""bodylanguage"", ""crush"", ""emotions"", ""facts"", ""family"", ""friends"", ""funny"", ""humanbehavior"", ""humanemotions"", ""interesting"", ""life"", ""love"", ""mystery"", ""nonfiction"", ""personalities"", ""personality"", ""psychologicalfacts"", ""psychology"", ""psychologylifehacks"", ""quotes"", ""random"", ""romance"", ""texttospeech"", ""thoughts"", ""weird"", ""Random""]","[""psychology:psychology"", ""title:psychology"", ""psychology:human behavior"", ""strong-tag:psychology"", ""multi-signal""]","[""reads=270988"", ""votes=8426"", ""comments=1121""]","Human Psychology is the science of mind and human behavior. It opens interesting characteristics and traits that human being encompasses reading about it will not only give a meaningful perspective to how you see the world , but it will allow you to reach out and understand people around you."
True,https://www.wattpad.com/story/177895996,177895996,Traumatized,46.0,15.083198803011612,61.08319880301161,125742,3411,2595,0,1,"[""angst"", ""aqualad"", ""artemis"", ""connerkent"", ""dickgrayson"", ""flash"", ""kid"", ""megan"", ""missmartian"", ""robin"", ""superboy"", ""texttospeech"", ""wallywest"", ""yj"", ""youngjustice"", ""Fanfiction""]","[""philosophy:stoic"", ""psychology:trauma"", ""title:trauma"", ""psychology:subconscious"", ""cross-domain-evidence"", ""multi-signal""]","[""reads=125742"", ""votes=3411"", ""comments=2595""]","Failsafe, a seemingly harmless training exercise. That is, till Miss Martin's subconscious accidentally took control of it. Turning it into a traumatic experience, one that not even the Boy Wonder can cope with.

Since they woke up, rifts have formed. Most noticeable, was between Robin and everyone. He wasn't close with Megan anymore, cuz she blamed him for Connor and Wally's deaths. Wally cuz he lied to him and supposedly betrayed his trust and misused his role as leader. Kaldur just was disappointed, Connor was just more Stoic, Artemis was her usual self, but Robin distanced himself from her.

What will happen when Robin's birthday comes around? What happens when his first and most hated enemy escapes prison? What happened when he gets ignored by his team on a mission and ends up getting gravely injured? What happens when Robin must fight for his life?"
True,https://www.wattpad.com/story/276427858,276427858,The Psychology of Love,47.1,11.782501101493079,58.88250110149308,13143,849,156,0,1,"[""asien"", ""berlin"", ""bl"", ""boylove"", ""deyi"", ""drama"", ""dream"", ""emotion"", ""fanfiction"", ""gaoshide"", ""hot"", ""japan"", ""lovvestory"", ""psychology"", ""sam"", ""samlin"", ""samyu"", ""taiwan"", ""texttospeech"", ""therapy"", ""wattys2021"", ""wbl"", ""webestlove"", ""yangyuteng"", ""zhoushuyi"", ""zihonglin"", ""Fanfiction""]","[""psychology:psychology"", ""title:psychology"", ""psychology:psychological"", ""strong-tag:psychology"", ""multi-signal""]","[""reads=13143"", ""votes=849"", ""comments=156""]","Where does love take us? A story that lets us share the psychological and physical dimensions of SamYu's love.

Sam (psychoanalyst) is researching his doctoral thesis with YU (psychology student)."
True,https://www.wattpad.com/story/283980611,283980611,Psychological Facts,45.9,11.512327067454793,57.41232706745479,15860,440,179,0,1,"[""action"", ""brainfacts"", ""completed"", ""didyouknow"", ""education"", ""facts"", ""humanbehavior"", ""humanbehaviour"", ""interestingfacts"", ""knowledge"", ""learnsomethingnew"", ""mindblowing"", ""nature"", ""nonfiction"", ""psychologicalfacts"", ""psychology"", ""psychologyfacts"", ""psychologytips"", ""selfawareness"", ""tourists"", ""Non-Fiction""]","[""psychology:psychology"", ""psychology:psychological"", ""title:psychological"", ""psychology:human behavior"", ""strong-tag:psychology"", ""multi-signal""]","[""reads=15860"", ""votes=440"", ""comments=179""]","Ever wondered why your mind works the way it does-or stumbled on a random fact that completely changed how you see the world?

This book goes beyond psychology, diving into fascinating insights about human behavior, surprising truths about the body, intriguing places and countries, bizarre historical oddities, and mind-blowing facts about space.

Some will make you think. Some will shock you. And some will stay with you long after you've read them.

If you love learning things that make you pause and question everything, this is for you."
True,https://www.wattpad.com/story/124816840,124816840,Psychological Facts,45.9,11.34135531360521,57.24135531360521,186813,6641,1076,0,1,"[""brain"", ""facts"", ""psychological"", ""psycologyfacts"", ""thefacts"", ""Random""]","[""psychology:psychology"", ""psychology:psychological"", ""title:psychological"", ""strong-tag:psychological"", ""multi-signal""]","[""reads=186813"", ""votes=6641"", ""comments=1076"", ""presentation:very-short-synopsis""]","Here you will find out some ""Psychological Facts""

Find yourself and be that!

🌼🌼🌼🌼🌼🌼🌼🌼🌼🌼🌼🌼🌼🌼🌼🌼🌼🌼🌼

#1 in facts ❤❤❤

#1 in brain❤❤❤

#1 in psychology❤❤❤"
True,https://www.wattpad.com/story/350925259,350925259,Izhaar ~ Sanity to my Insanity and Peace to my Chaos.,39.2,16.920547421942462,56.12054742194246,530404,22619,1858,0,1,"[""arrangedmarriage"", ""billionaire"", ""desi"", ""desiromance"", ""dreamy"", ""family"", ""indian"", ""love"", ""romance"", ""secretpinning"", ""slowburn"", ""wattpadindia"", ""Romance""]","[""psychology:sanity"", ""title:sanity"", ""psychology:insanity"", ""title:insanity"", ""multi-signal""]","[""reads=530404"", ""votes=22619"", ""comments=1858""]","""To the heartbeat that quickens at your touch, a melody only our souls can truly dance to.......""

IZHAAR: Sanity to my Insanity and Peace to my Chaos.

(Book-1) Safar-e-Izhaar series.

Story of Aarav and Adwitya.

AARAV SINGH RAICHAND

A 27 year old, Billionaire CEO of Raichand Companies (India and Abroad) may come across as grumpy to the world, but deep down, he's a total sweetheart when it comes to his family. Despite his tough exterior, Aarav's love and care for his loved ones shine through, making him lovable and endearing. His family is lucky to have such a kind-hearted and affectionate person in their lives.

ADWITYA MEHRA

A 25 years old, finance analyst, is a delightful mix of sweet and sassy. She's naturally shy but has a heart of gold, always being sweet to those who show her kindness. However, don't be fooled by her gentle demeanor, because if someone tries to mess with her, her sassy side comes out to play. Adwitya knows how to hold her own and won't hesitate to give a sassy comeback when needed. She's charming and dynamic, who adds a touch of sweetness and spice to any situation.

The Tropes of the Book💫

Arrange Marriage

Billionaire Romance

Desi Romance

Secret Pining

Grumpy x Sunshine

Let the Universe decide what is written in their stars ✨

Read ""IZHAAR"" to learn about their journey of love."
True,https://www.wattpad.com/story/133085783,133085783,Philosophical Topics (Philosophy of the Mind Prt. II),49.7,6.29156022029955,55.991560220299554,12825,188,27,0,2,"[""philosophicalstudies"", ""philosophy"", ""religiousstudies"", ""Spiritual""]","[""philosophy:philosophy"", ""title:philosophy"", ""philosophy:philosophical"", ""title:philosophical"", ""strong-tag:philosophy"", ""multi-signal""]","[""reads=12825"", ""votes=188"", ""comments=27"", ""presentation:very-short-synopsis""]",Another collection of Philosophical and Religious writings that I completed while in this past semester of my junior year in college
True,https://www.wattpad.com/story/278770795-the-university-of-gangsters,278770795,THE UNIVERSITY OF GANGSTERS,40.0,15.532227744667505,55.53222774466751,337090,4993,70,1,0,"[""2025"", ""bullystory"", ""damon"", ""gangleader"", ""ganglife"", ""gangsters"", ""hell"", ""humor"", ""lovestory"", ""lovetriangle"", ""lucifer"", ""obsession"", ""original"", ""philippines"", ""philosophy"", ""possessive"", ""romance"", ""shortstory"", ""tagalog"", ""tagalog-english"", ""taglish"", ""thriller"", ""universidad"", ""Mystery / Thriller""]","[""philosophy:morality"", ""psychology:madness"", ""strong-tag:philosophy"", ""cross-domain-evidence"", ""multi-signal""]","[""reads=337090"", ""votes=4993"", ""comments=70"", ""popularity-surfaces=1""]","There exists a notorious school known only as the University of Gangsters-a place where students with the lowest grades and the most violent tempers are cast away. It is a prison disguised as a campus, where rules are warped and morality is a forgotten word. In these halls, drugs, cigarettes-even murder-are not forbidden. Chaos is law, and power decides who survives.

Within its walls, factions rise and fall. Gangs are formed in shadows, alliances sealed with blood, and betrayals whispered behind every corner. And yet, beneath the violence and madness, one strange truth remains-everyone is desperate to escape. For many, studying is not a choice, but a way out of the cage.

Among the many thrown into this cursed academy, a group of friends finds themselves bound by fate. One among them-a girl whose heart dares to love the mysterious and feared owner of the school. But their love is forbidden. Eyes watch them. Enemies stir. And secrets-dark, ancient, and dangerous-begin to unravel.

Demons masquerade as angels. Enemies wear the faces of friends. Every smile may hide a dagger. Every truth may be a lie.

And in the end...

Will love conquer the storm, or will hatred and vengeance burn the world down?

""Fight or else you will die...""

[COMPLETE]

This story is written in Taglish (Tagalog and English).

This story is not based on real events. Names, Characters, place, and events are not real.

WARNING: This story may contain matured content, language, and abuse."
True,https://www.wattpad.com/story/212695496,212695496,Psychology Facts,41.1,11.134044368075042,52.23404436807505,182425,7032,630,0,1,"[""attraction"", ""brain"", ""facts"", ""friendship"", ""happiness"", ""laughter"", ""music"", ""psychological"", ""psychology"", ""random"", ""randomthoughts"", ""science"", ""trivia"", ""Random""]","[""psychology:psychology"", ""title:psychology"", ""strong-tag:psychology"", ""strong-tag:psychological"", ""multi-signal""]","[""reads=182425"", ""votes=7032"", ""comments=630"", ""presentation:very-short-synopsis""]",Wattpad connects a global community of millions of readers and writers through the power of story
True,https://www.wattpad.com/story/394887764,394887764,TELL ME WHO I AM! | Dark Romance | Psychological Thriller |,40.2,11.895098863161317,52.09509886316132,21082,663,93,0,2,"[""amnesia"", ""angst"", ""darkromance"", ""enemiestolovers"", ""forbiddenlove"", ""morallygrayhero"", ""mystery-thriller"", ""psycho-thriller"", ""psychological"", ""romantic-thriller"", ""slowburn"", ""suspense"", ""wattys2025"", ""wattys2026"", ""Romance""]","[""psychology:psychological"", ""title:psychological"", ""psychology:psychological thriller"", ""title:psychological thriller"", ""strong-tag:psychological"", ""multi-signal""]","[""reads=21082"", ""votes=663"", ""comments=93""]","She wakes up in a stranger's bed, a diamond ring glimmering on her finger - a symbol of promises she cannot remember - a vow forged in a past that's been stolen from her.

Everyone says she's fortunate. That she's blessed. That a beautiful home, a devoted fiancé, and a spotless future await her. But when her pulse falters under his gentle touch... when her skin shivers instead of warming - something deep within resonates with the alarming feeling that something is profoundly, dangerously wrong.

He insists it's for her own safety - that something awful happened, that healing simply takes time - but there's a fire in his eyes, a possessiveness he cannot mask. And somewhere in her mind, a locked box rattles against its chains.

And at night, in the quiet... she dreams of another man she does not recognize.

Until one day he steps out of the shadows. Not with flowers, but with fire, with danger, with a confession forged in the pure agony of a love forgotten.

Not with comfort, but with a storm in his eyes and a voice that trembles when he says-

""You promised to remember me,"" he whispers.

""Even if the whole world made you forget.""

He is not kind. He is not patient. His love is wild - a consuming force - a sin that feels more elemental than redemption. The moment he reaches for her, the carefully woven lie starts to unravel, thread by thread, until the awful, beautiful truth emerges.

She doesn't know his name.

But her soul does.

Now, stranded between two men - the man who offers refuge within a perfect illusion and the man who holds the key to a catastrophic reality - she must make a choice.

To stay safely oblivious... or to break free and remember the life that was stolen from her.

Because someone made sure she forgot.

And they'll do whatever it takes to keep it that way.

Some truths are dangerous - and some memories are worth everything."
True,https://www.wattpad.com/story/333100433,333100433,Insanity,36.2,14.356000968187296,50.5560009681873,139780,2902,545,0,1,"[""abused"", ""arrangedmarriage"", ""bestfriend"", ""billionaire"", ""death"", ""enemiestolovers"", ""engaged"", ""fakedate"", ""fakedating"", ""fakelove"", ""grumpyxsunshine"", ""heir"", ""heiress"", ""italian"", ""littlesister"", ""love"", ""millionaire"", ""model"", ""money"", ""rich"", ""romance"", ""sister"", ""teenlove"", ""teenromance"", ""texttospeech"", ""youngadult"", ""Romance""]","[""psychology:sanity"", ""title:sanity"", ""psychology:insanity"", ""title:insanity"", ""multi-signal""]","[""reads=139780"", ""votes=2902"", ""comments=545""]","To the world, Allena Draknos is a cold, teenage model who doesn't care about anything or anyone. In reality, she's trying to protect herself and younger sisters from the wrath of their abusive uncle.

To the world, Luca Romano, is Italy's golden boy. Rich, good looking, everything a girl wants. In reality he's the heir to a mafia he doesn't even want, and under control of his strict father.

The two don't have much in common except for two things: the fear of arranged marriage, and a disdain for each other. But, if they want to save themselves and the people they care about they have to push that aside and convince the entire world they're dating.

EXCERPT

""There's no harm in holding in this out, at least until the threat of an arranged marriage passes."" He argues.

""I can't decide what happens to my future until I'm eighteen, and legally get my inheritance. That's months from now."" I retort.

""And I can't decide until the business gets handed over to me in a few months."" Luca adds. ""We keep this up until then, and then we break it off.""

""And what happens when they ask why we aren't engaged?"" I ask.

""They won't. We just need it to last for a little."" He continues. ""Plus, we'd barely have to see each other. I'd be in Italy, and you'd be here. Occasionally we can be seen together, for the press and our family.""

""They'll read right through us."" I mumble.

""Only if we let them.""

""This is insane."" I whisper.

""Well, then what do you say, bellissima? Want to go to insanity with me?"""
True,https://www.wattpad.com/story/72534980,72534980,Psychological Facts,37.4,12.827440901110009,50.22744090111001,555577,16503,2276,0,1,"[""behaviour"", ""historical"", ""hugot"", ""human"", ""mental"", ""mind"", ""people"", ""personality"", ""phobia"", ""psychological"", ""pyschology"", ""random"", ""sayings"", ""science"", ""teenagers"", ""Random""]","[""psychology:psychology"", ""psychology:psychological"", ""title:psychological"", ""strong-tag:psychological"", ""multi-signal""]","[""reads=555577"", ""votes=16503"", ""comments=2276"", ""presentation:very-short-synopsis""]",All about psychology
True,https://www.wattpad.com/story/50519321,50519321,Rises from Insanity (Sequel to Falling In Love with Insanity),36.2,13.627470283619694,49.8274702836197,79729,2637,230,0,1,"[""arkham"", ""arkhamasylum"", ""asylum"", ""bane"", ""batman"", ""bruce"", ""brucewayne"", ""chaos"", ""dickgreyson"", ""gordon"", ""gothamcity"", ""jimgordon"", ""joker"", ""napier"", ""wayne"", ""Fanfiction""]","[""psychology:sanity"", ""title:sanity"", ""psychology:insanity"", ""title:insanity"", ""multi-signal""]","[""reads=79729"", ""votes=2637"", ""comments=230""]","It's been four years since Katie Wayne has been in Gotham.

And she is still in love with the Joker and she will do anything to break him out of Arkham.

Even if it means working along side the man who brings Gotham into complete chaos."
True,https://www.wattpad.com/story/139779570,139779570,Psychological problems,37.4,11.519555148483818,48.919555148483816,16827,488,145,0,1,"[""nonfiction"", ""psychology"", ""Non-Fiction""]","[""psychology:psychology"", ""psychology:psychological"", ""title:psychological"", ""strong-tag:psychology"", ""multi-signal""]","[""reads=16827"", ""votes=488"", ""comments=145""]","This subject shall questionable ?

We learn from psychology ourselves better ,deal with different humans and other things.

So we can start the ""adventure together"" hope you like it. And have a good day!"
True,https://www.wattpad.com/story/3169587,3169587,Sin (Wattys Winner),30.5,17.659241585261196,48.1592415852612,1029189,14947,8557,0,1,"[""antihero"", ""asylum"", ""badboy"", ""chiller"", ""death"", ""england"", ""featured"", ""ghost"", ""horror"", ""mystery"", ""mystery-thriller"", ""paranormal"", ""psychological"", ""scary"", ""sin"", ""supernatural"", ""suspense"", ""thriller"", ""urban"", ""urbanfantasy"", ""wattpadoriginals"", ""wattpadstars"", ""Horror""]","[""psychology:psychological"", ""strong-tag:psychological""]","[""reads=1029189"", ""votes=14947"", ""comments=8557""]","On the flip of a coin, people die around Sin. Escaped from a lunatic asylum and haunted by his dead sister, he must find out why, and discover who is trying to use his power to destroy everything and everyone.

*****

Dead, dead, dead. Say it enough times and it becomes just another word.

What would you do? Could you kill a killer? Does the death of one appease the deaths of a hundred? What about that hundred against a thousand?

What if you had no choice?

Meet Sin. No, not that sort of sin, but Sin, crazy as a loon (you ask Sister Moon), and proud of it. Sin locks himself away in an asylum and, every so often, badboy he's believed to be, gets violent. That's only so they'll give him those nice drugs, though. The ones that help him forget.

It's a pity they don't work.

Sin, you see, has a serious problem. Well, it's not so much his problem, as ours - yours, mine and everyone else's. People die around Sin. He doesn't like it and there's nothing he can do about it. But someone else knows, and Sin has to stop them... and himself...

Flip and catch...

--

WATTY WINNER!!

Includes a special BONUS CHAPTER commissioned for Amazon Prime's Panic, and bonus chapters set in Sin's asylum!

Featured on the following amazing lists!

*The @fright profile for Top Horror Stories selected by movie The Ring!*

*The Top Psychological Horror reading list for The Boy movie!*

*The Terrifying Thrillers reading list for The Purge: Election Year!*

*The Sinister Stories reading list for movie Sinister II!*

*The Best of Thriller reading list for the Unfriended film!*

#4 in MysteryThriller

#6 in Horror

#6 in Mystery

#2 in Psychological

#1 in Chiller

#1 in Psychological Horror on Amazon!"
True,https://www.wattpad.com/story/69648678,69648678,Psychology Facts 101,32.6,15.330354946742453,47.930354946742455,2502199,86081,11687,0,1,"[""completed"", ""facts"", ""psychology"", ""Random""]","[""psychology:psychology"", ""title:psychology"", ""strong-tag:psychology""]","[""reads=2502199"", ""votes=86081"", ""comments=11687"", ""presentation:very-short-synopsis""]","This are some of the Facts about Psychology.

I will only write 101 facts about it."
True,https://www.wattpad.com/story/38446006,38446006,Existential,32.6,14.693659130871222,47.29365913087122,96029,3055,1725,0,1,"[""21p"", ""bands"", ""concerts"", ""dun"", ""eschleman"", ""high"", ""joseph"", ""josh"", ""joshdun"", ""mark"", ""one"", ""pilots"", ""school"", ""twenty"", ""twentyonepilots"", ""tyler"", ""tylerjoseph"", ""tøp"", ""Fanfiction""]","[""philosophy:existential"", ""title:existential"", ""psychology:depression"", ""cross-domain-evidence"", ""multi-signal""]","[""reads=96029"", ""votes=3055"", ""comments=1725""]","Alice is the tormentor of the Clevand High School. She thrives in her group of friends, also the pranksters, and loves to break kids down. When she gets involved with the high school basketball star will she get more than she bargained for?

A ski mask romance.

This story references suicide, depression, self harm and child abuse. If any of these trigger you please read with caution."
True,https://www.wattpad.com/story/126462571,126462571,Project Oxygen,30.0,16.545182453383195,46.54518245338319,243007,7731,12761,0,1,"[""adult"", ""college"", ""contemporary"", ""creepy"", ""crime"", ""danger"", ""dark"", ""death"", ""fiction"", ""friendship"", ""killer"", ""legend"", ""life"", ""murder"", ""mystery"", ""police"", ""professor"", ""psychological"", ""science"", ""secrets"", ""suspense"", ""thriller"", ""wattpadcreators"", ""whodunnit"", ""Mystery / Thriller""]","[""psychology:psychology"", ""psychology:psychological"", ""strong-tag:psychological""]","[""reads=243007"", ""votes=7731"", ""comments=12761""]","When someone dies mysteriously during a Psych experiment, Rhiannon becomes enmeshed in a conspiracy that includes both the survivors and the killer.

*****

Short on cash, Rhiannon Ford signs up to take part in a social psychology experiment based on group think. But when a participant dies under mysterious circumstances, and the story surrounding that death seems mired in conflicting lies, she's quickly drawn into a web of conspiracies that merge urban legends, rivalries, and the very psychological principle the test was about. When everyone is lying, how can Rhiannon find the truth?

*****

[[word count: 100,000-150,000 words]]"
True,https://www.wattpad.com/story/343606089,343606089,"Nihil, Void given Consciousness",34.4,11.013233753405098,45.413233753405095,12173,322,124,0,1,"[""eldritchiuku"", ""emotionlessizuku"", ""godizuku"", ""izuku"", ""opizuku"", ""scaryizuku"", ""thevoid"", ""Fanfiction""]","[""philosophy:consciousness"", ""title:consciousness"", ""philosophy:existence""]","[""reads=12173"", ""votes=322"", ""comments=124""]","Long before quirks, before existence came to be, there was only the Void.

It was the primordial state of the universe, an infinite place of perfect balance and peace,and both were shattered with the birth of existence. Both being the perfect opposite of each other, they endlessly tried to cancel each other out.

However, one day the Void manege to sip inside reality changing both in an unexpected way : reality created quirks as a defensive reaction, while the Void developed a conscious.This consciousness, made the Void pass over its own destructive nature and gave it a new compulsive will, the will to learn.

A vessel will be created to amass all knowledge possible on existence and try to understand why the constant chaos of existence seems so appealing."
True,https://www.wattpad.com/story/411669919-the-monster-she-calmed,411669919,The Monster She Calmed,27.0,16.515896137304484,43.51589613730448,243050,8907,424,1,0,"[""desi"", ""india"", ""love"", ""mafia"", ""obsession"", ""possessive"", ""psychiatrist"", ""psycho"", ""psychological"", ""romance"", ""strongfemalecharacter"", ""strongfemalelead"", ""trauma"", ""trust"", ""Romance""]","[""psychology:psychologist"", ""psychology:trauma"", ""strong-tag:psychological""]","[""reads=243050"", ""votes=8907"", ""comments=424"", ""popularity-surfaces=1""]","BOOK 1 Of RATHORE SERIES

He was the nightmare everyone feared.

She became the only thing he couldn't survive without.

He survived bullets, bloodshed, and betrayal.

But he was never prepared for kindness.

✧ TROPES ✧

Obsessive Mafia Hero

Psychologist × Mafia King

Touch Her And Die

Possessive Male Lead

Dark Romance

Trauma & Healing

Emotional Dependency

Morally Grey Hero

Protective Obsession

Beauty and the Beast Vibes

Hurt/Comfort

He Falls First and Harder"
True,https://www.wattpad.com/story/311006502,311006502,Mending Morality,29.2,14.12688565378223,43.32688565378223,103964,2041,778,0,1,"[""action"", ""action-"", ""action-romance"", ""friendstolovers"", ""hurt-comfort"", ""inner-struggle"", ""marvel"", ""multiverseofmadness"", ""mçu"", ""nowayhome"", ""peterxwanda"", ""redemption"", ""regret"", ""romance"", ""scarletwitch"", ""spiderman"", ""spiderwitch"", ""texttospeech"", ""trust"", ""wattys2022"", ""Fanfiction""]","[""philosophy:morality"", ""title:morality"", ""psychology:madness"", ""cross-domain-evidence"", ""multi-signal""]","[""reads=103964"", ""votes=2041"", ""comments=778""]","They are two sides of the same coin. Peter Parker, the hero that no one remembers. Wanda Maximoff, the hero that everyone fears. Both have lost everything and everyone they care about due to their experience with the multiverse. But when a twist of fate causes the two paths to collide with one another, will they push each other away, or will this be the start of something new?

(Occurs after No Way Home and Multiverse of Madness.)"
True,https://www.wattpad.com/story/17572328,17572328,INSANITY ➳ l.h + a.i. (editing),36.2,7.0899618903583495,43.289961890358356,11516,423,105,0,1,"[""ashton"", ""hemmings"", ""insanity"", ""irwin"", ""lashton"", ""lashtonhemwin"", ""luke"", ""shortstory"", ""Fanfiction""]","[""psychology:sanity"", ""title:sanity"", ""psychology:insanity"", ""title:insanity"", ""multi-signal""]","[""reads=11516"", ""votes=423"", ""comments=105"", ""presentation:very-short-synopsis""]","❝ And we're insane but beautiful. Right? ❞

© 2014 toinsanity"
True,https://www.wattpad.com/story/112634081-tales-of-the-pearly-city-pearly-tales-vol-1,112634081,Tales of the Pearly City (Pearly Tales Vol.1) [Completed],23.0,18.606327663508345,41.606327663508345,459904,30941,3760,1,0,"[""adventure"", ""childcare"", ""comedy"", ""completed"", ""elves"", ""fantasy"", ""fiance"", ""guild"", ""intrigue"", ""lightnovel"", ""maidcafe"", ""opmaincharacter"", ""reincarnation"", ""romance"", ""rpg"", ""sci-fi"", ""videogame"", ""vrmmorpg"", ""wattys2017"", ""webnovel"", ""Adventure""]","[""philosophy:identity"", ""psychology:identity crisis"", ""cross-domain-evidence""]","[""reads=459904"", ""votes=30941"", ""comments=3760"", ""popularity-surfaces=1""]","After being reincarnated in his favorite game Jasper Toledo, otherwise known as Calloway Calphius, finds himself in the city he created 250 years after he logged out for the last time.

He disguises himself in the elf city to find out that he has been revered as a saint, and has begun a new age of the elves.

In order to find his place in this new yet familiar world he starts a guild in an age when they've become obsolete. He finds out the elven princess is his fiancé and has been waiting for his return.

He adopts an oracle girl known as the cursed child.

He even accidently starts a successful maid café.

But when a prophecy threatens his new way of life, he'll start a war with a dark shadow that's taken hold of his new home.

Follow Cal's journey as he routinely breaks down ordinary doors, makes an inordinate amount of tea, falls in love with a princess, tumbles out of trees, and faces enemies both inside and outside the Pearly City.

With all this and more awaiting our unscrupulous adventurer, let me be the first to welcome you to the City of Perils.

Mature warning, a city this perilous includes: Adult language, use of gamer terminology, suggestive themes, crying, blushing, tears, feelings, anime special effects, eye-patches, sinister plots, wanton cultural references, identity crisis, a flippant God, shipping, ships, tragedy, aggressive girlfriends, and pirate hijinks lots and lots of hijinks .

Highest ranking in Adventure:

15 on---10/12/2017

First review:

""At first, I didnt like any character, now I love them all... ...You might want to put a warning that readers just needed to survive the first chapters, because after that... FUCKING AMAZING"" -RahCol

Cover by: _crystallize_"
True,https://www.wattpad.com/story/228962490,228962490,Psychology Facts About Mind,32.6,9.005925819181728,41.60592581918173,69368,2591,66,0,1,"[""experience"", ""facts"", ""mind"", ""psychology"", ""truth"", ""Non-Fiction""]","[""psychology:psychology"", ""title:psychology"", ""strong-tag:psychology""]","[""reads=69368"", ""votes=2591"", ""comments=66"", ""presentation:very-short-synopsis""]","What's on our mind?

Source : Psychology Facts"
True,https://www.wattpad.com/story/26538982,26538982,Swallow,20.5,20.77559080298565,41.27559080298565,1904633,98448,32705,1,1,"[""bullied"", ""bullies"", ""cannibalism"", ""completed"", ""crazy"", ""crime"", ""curse"", ""dark"", ""darkmagic"", ""demon"", ""demons"", ""gore"", ""gory"", ""horror"", ""insane"", ""killer"", ""magic"", ""possessed"", ""possession"", ""psycho"", ""psychological"", ""scary"", ""thriller"", ""voodoo"", ""wattpadoriginals"", ""Horror""]","[""psychology:psychological"", ""strong-tag:psychological""]","[""reads=1904633"", ""votes=98448"", ""comments=32705"", ""popularity-surfaces=1""]","Swallow is now published as a Wattpad Book! As a Wattpad reader, you can access both the Original Edition and Books Edition upon purchase.

When Mildred wished for death on her bullies, she never expected a demon would possess her and make all her dreams come true...but is it worth her soul?

*****

After years of torment, Mildred, a meek high school student, is determined to seek revenge against her bullying classmates. She intends to curse them with dark magic, punishing them for their cruelty - but in the process Mildred accidentally opens herself up to a terrifying demonic possession. The demon inside her is only too happy to fulfill Mildred's vengeful desires. Bodies start turning up with parts missing, eaten as though mauled by a wild animal...or perhaps something darker. Powerless, Mildred realizes that the murders are changing her in more ways than one...

Content and trigger warning: This story contains scenes of violence, psychological abuse, and gore.

[[word count: 30,000-40,000 words]]

Cover designed by Jay Flores-Holz"
True,https://www.wattpad.com/story/5971819-my-perfect-bride,5971819,My Perfect Bride,20.5,19.74631554201071,40.246315542010706,1540082,38346,8823,1,0,"[""horror"", ""Horror""]","[""psychology:sanity"", ""psychology:insanity""]","[""reads=1540082"", ""votes=38346"", ""comments=8823"", ""popularity-surfaces=1""]","A honeymoon gone wrong, with no place to escape, no place to run, no place to hide and most importantly with no place for love. Story about a psychotic husband who now wants revenge because his own wife betrayed him. Ethan lost his mind when his wife reveals a dirty little secret, now the wall between sanity and insanity has been dropped.

Now the same man who vowed to protect his wife forever is after her life. After all what marriage is all about if not struggle.

""Scream all you want I will have my sweet revenge.

Don't you dare worry my dear wife

After all you are my perfect bride."""
True,https://www.wattpad.com/story/408146181,408146181,Identity Crisis,31.4,8.323050646712847,39.72305064671285,13412,862,519,0,1,"[""angstwithhappyending"", ""boyxboy"", ""campus"", ""forcedmarriage"", ""friendship"", ""murder"", ""Action""]","[""philosophy:identity"", ""title:identity"", ""psychology:identity crisis"", ""title:identity crisis"", ""cross-domain-evidence"", ""multi-signal""]","[""reads=13412"", ""votes=862"", ""comments=519"", ""presentation:very-short-synopsis""]","""ඒ කෙල්ල මට ජීවිතය දුන්නා තමයි, ඒත් එයා නිසා මට උඹේ ආදරය අහිමි වෙනවා. පණ පිටින් ඉන්න මට වඩා, මැරිලත් උඹේ හිතේ ඉන්න ඒ කෙල්ලට මම ඊර්ෂ්‍යා කරනවා.""."""
True,https://www.wattpad.com/story/231112966,231112966,EXISTENTIALISM. ༑ Lookism X Reader ༑,30.6,8.390869863959797,38.9908698639598,24152,916,273,0,1,"[""danielpark"", ""danielxreader"", ""delinquentreader"", ""fanfic"", ""femalereader"", ""insert"", ""jayhong"", ""jayyeol"", ""jayyeolxreader"", ""jonggun"", ""korea"", ""koreanschool"", ""lookism"", ""lookismxreader"", ""love"", ""marysue"", ""reader"", ""readerinsert"", ""romance"", ""webcomics"", ""webtoon"", ""webtoonxreader"", ""xreader"", ""zacklee"", ""zackleexreader"", ""Fanfiction""]","[""philosophy:existential"", ""title:existential"", ""philosophy:existentialism"", ""title:existentialism"", ""multi-signal""]","[""reads=24152"", ""votes=916"", ""comments=273"", ""presentation:very-short-synopsis""]","╭─━━━━━━━━━━━━─╮

ˢᵉᵃʳᶜʰ: [y/n] lee

╰─━━━━━━━━━━━━─╯

𝙖𝙡𝙡 𝘪𝘮𝘢𝘨𝘦𝘴 𝘷𝘪𝘥𝘦𝘰𝘴 𝘯𝘦𝘸𝘴 𝘮𝘢𝘱𝘴

【﻿１】ꜱᴇᴀʀᴄʜ ʀᴇꜱᴜʟᴛ ꜰᴏᴜɴᴅ !

╭⸻⸻ ⸻ ╮

x + -

𝚘𝚙𝚎𝚗 𝚞𝚙 𝚏𝚒𝚕𝚎 ?

𝙮𝙚𝙨 𝘯𝘰

╰⸻ ⸻⸻╯"
True,https://www.wattpad.com/story/337320320,337320320,INSANITY ⎯⎯⎯⎯ ETHAN LANDRY,22.2,16.095755073416395,38.295755073416395,279596,7475,3157,0,1,"[""ethanlandry"", ""ghostface"", ""jackchampion"", ""newyork"", ""quinnbailey"", ""scream"", ""scream6"", ""screammovies"", ""screamsix"", ""stumacher"", ""taracarpenter"", ""texttospeech"", ""Fanfiction""]","[""psychology:sanity"", ""title:sanity"", ""psychology:insanity"", ""title:insanity"", ""multi-signal""]","[""reads=279596"", ""votes=7475"", ""comments=3157""]","✷ 𝐈𝐍𝐒𝐀𝐍𝐈𝐓𝐘,

sadie macher was anything

but sane, and her psychotic

boyfriend didn't seem to help

much. so when the two become

ghostfaces together, they have

to do their best to hide their

true identities.

❪ livsbouquet / 2023 ❫

scream six

ethan landry x fem oc

completed"
True,https://www.wattpad.com/story/266012174,266012174,insanity,22.2,15.367339603122101,37.5673396031221,139861,3551,4137,0,1,"[""complete"", ""completed"", ""dreamsmp"", ""dsmp"", ""finished"", ""lmanburg"", ""lore"", ""mcyt"", ""pogtopia"", ""roleplay"", ""smpwilbur"", ""smpwilburxreader"", ""texttospeech"", ""twitch"", ""wilbur"", ""wilbursoot"", ""wilbursootxreader"", ""xreader"", ""ynstories"", ""Fanfiction""]","[""psychology:sanity"", ""title:sanity"", ""psychology:insanity"", ""title:insanity"", ""multi-signal""]","[""reads=139861"", ""votes=3551"", ""comments=4137""]","c!wilbur x fem!reader

The girl walked the oak path like she had everyday, though today was different- there stood a man.

The man who would change her life.

Together they create many amazing things, though all good things must come to an end eventually.

""till forever fall apart.""

! 𝙩𝙝𝙞𝙨 𝙞𝙨 𝙖𝙗𝙤𝙪𝙩 𝙘!𝙬𝙞𝙡𝙗𝙪𝙧 𝙖𝙣𝙙 𝗻𝗼𝘁 𝙘𝙘!𝙬𝙞𝙡𝙗𝙪𝙧 !

everything in this is based on rp, and not about real wilbur."
True,https://www.wattpad.com/story/95059501,95059501,Psychological Facts ✔,21.9,15.182847851449031,37.08284785144903,346591,6863,338,0,1,"[""amaze"", ""brain"", ""completed"", ""facts"", ""helpful"", ""life"", ""love"", ""motivation"", ""psychology"", ""qoutes"", ""school"", ""smart"", ""studies"", ""truth"", ""Random""]","[""psychology:psychological"", ""title:psychological"", ""strong-tag:psychology""]","[""reads=346591"", ""votes=6863"", ""comments=338""]","Ever wondered why you feel the way you do, or do the things you do? The way your mind functions has a lot to do with the way you are, and the things you do. It's amazing how every 'unique' mind, at some level, functions similarly.

Here are 101 facts about our psychic that are a clear indication of why things happen to us the way they do and justify our reactions for the same.

2016

-Completed-"
True,https://www.wattpad.com/story/35650795,35650795,Psychology Quotes,23.1,13.95479254412411,37.05479254412411,1075200,39830,3686,0,1,"[""1-psychology"", ""facts"", ""mental"", ""mind"", ""psychologist"", ""psychology"", ""quotes"", ""relatable"", ""Random""]","[""psychology:psychology"", ""title:psychology"", ""strong-tag:psychology""]","[""reads=1075200"", ""votes=39830"", ""comments=3686"", ""presentation:very-short-synopsis""]",Wattpad connects a global community of millions of readers and writers through the power of story
True,https://www.wattpad.com/story/150504152,150504152,PHILOSOPHY ☽ m.y.g,20.6,16.402385026727707,37.00238502672771,228675,11211,4433,0,1,"[""anger"", ""angst"", ""bangtansonyeondan"", ""bts"", ""funny"", ""hate"", ""hoseok"", ""jeonjungkook"", ""jimin"", ""jin"", ""jungkook"", ""kpop"", ""love"", ""minyoongi"", ""namjoon"", ""relationship"", ""romance"", ""seokjin"", ""suga"", ""taehyung"", ""yoongi"", ""Fanfiction""]","[""philosophy:philosophy"", ""title:philosophy"", ""philosophy:meaning of life""]","[""reads=228675"", ""votes=11211"", ""comments=4433""]","❝ What's the meaning of life? ❞

❝ Why are you asking me? Just Google it or something. ❞

❝ If Google knew it I wouldn't be asking now

would I? ❞

When a girl asks a guy who sits in front of her in literature class pointless questions."
True,https://www.wattpad.com/story/189297945,189297945,Trauma,23.5,13.315665582047805,36.81566558204781,71277,1456,313,0,1,"[""avengers"", ""bucky"", ""dog"", ""jamesbuchananbarnes"", ""ptsd"", ""steve"", ""steverogers"", ""stucky"", ""texttospeech"", ""trauma"", ""war"", ""wintersoldier"", ""Fanfiction""]","[""psychology:ptsd"", ""psychology:trauma"", ""title:trauma""]","[""reads=71277"", ""votes=1456"", ""comments=313""]","Bucky is determined to get himself a dog. And his boyfriend Steve agrees that a dog would really help his friend to overcome his anxiety attacks and his PTSD (not that Bucky would ever admit suffering from any mental disease). But the dog Bucky chooses to take in may not be suitable for him.

They say that two damaged souls may heal each other but sometimes you need more than just a good friend to heal. Sometime friendship isn't enough after all. Sometimes you need a professional to help you.

This story does contain some things that may trigger people. Am not gonna lie it is pretty sad and maybe disturbing. Animals die in this book.

Don't ever get a traumatised dog if you are not experienced at all! It will neither make you, nor the dog happy. Rescuing dogs is definitely something that should be supported but not everyone is up for the challenge.

None of these characters belong to me (well, yes, the dog does). They are all from the MARVEL universe."
True,https://www.wattpad.com/story/19230171,19230171,Psychology,23.1,13.599922010233438,36.699922010233436,107483,1544,337,0,1,"[""dark"", ""darkness"", ""elevator"", ""fear"", ""fears"", ""irrational"", ""lazy"", ""procrastinating"", ""procrastination"", ""procrastinator"", ""psychology"", ""rational"", ""Non-Fiction""]","[""psychology:psychology"", ""title:psychology"", ""strong-tag:psychology""]","[""reads=107483"", ""votes=1544"", ""comments=337""]",I'm pretty much going to tell you how I see the way the brain works. It's going to include stuff about the rational and irrational part of the brain and about fears and kind of why I think you and I have them. I think I might talk a lot about fears because they intrigue me.
True,https://www.wattpad.com/story/353325140-dead-man%27s-match,353325140,Dead Man's Match,21.5,15.01102997332932,36.51102997332932,15217,1447,5636,1,0,"[""abilities"", ""autumn"", ""darkacademia"", ""dreamlandbooks"", ""eightchapterchallenge"", ""fantasy"", ""murder"", ""mystery"", ""noromance"", ""psychological"", ""ptsd"", ""smalltown"", ""thriller"", ""urbanfantasy"", ""wattys2025"", ""ya"", ""Mystery / Thriller""]","[""psychology:ptsd"", ""strong-tag:psychological""]","[""reads=15217"", ""votes=1447"", ""comments=5636"", ""popularity-surfaces=1""]","For years, Madelyn's worst fears have only resided in her head, feeding off her heightened sense of her surroundings and unfortunate experiences and accidents in her past.

That's why her schooling is more than just assignments, tests, and high school drama. The Eralyn Academy of Secondary Education provides her with a once-in-a-lifetime chance to develop her special ability. It's her safe haven, a place where she can strive to one day control her ability and anxiety - at least, it is until things take a deadly turn.

When Madelyn is dared to sign up for the school's joke of a dating app, she reluctantly complies. But when she arrives on the first date, she realizes that she's been matched with a dead man. Caught up in an investigation and ruminations running wild, Madelyn seeks to uncover who the real murderer is in a desperate attempt to outrun one increasingly deafening thought:

Is she a killer?

Wattys 2025 Winner

Ambys 2025 Grand Favorite

Open Door Awards 2024 - Honorable Mention for Mystery/ Thriller

3x Featured: @Fright @Mystery & @Action

Trigger Warnings: Themes of death, anxiety/ ocd, and ptsd."
True,https://www.wattpad.com/story/145519856,145519856,Insanity,22.2,14.306917125332767,36.50691712533276,140861,3461,370,0,1,"[""bonniebennet"", ""cameronmonaghan"", ""carolineforbes"", ""chriswood"", ""crossover"", ""crossoverfanfiction"", ""damon"", ""damonsalvatore"", ""elenagilbert"", ""fanfiction"", ""gotham"", ""jerome"", ""jeromevaleska"", ""kai"", ""kaiparker"", ""malachai"", ""prisonworld"", ""stefansalvatore"", ""texttospeech"", ""vampirediaries"", ""wattys2019"", ""Fanfiction""]","[""psychology:sanity"", ""title:sanity"", ""psychology:insanity"", ""title:insanity"", ""multi-signal""]","[""reads=140861"", ""votes=3461"", ""comments=370""]","Jerome Valeska Gilbert. Meet Elena Gilberts crazy older brother. When he dies he gets stuck on the other side and dragged into the prison world with Bonnie and Damon. This is the story of how he meets Kai Parker and chaos is born.

Sequel - The Original Psychos

Follows most of Vampire Diaries plot line and some of Gothams. You don't need to have seen Gotham to understand this story as the character is only based from Gotham.

I don't own Gotham, Vampire Diaries or any of the characters. All rights go to their respectful owners."
True,https://www.wattpad.com/story/354353384,354353384,Insanity,22.2,12.47918575403365,34.679185754033654,544140,15119,1193,0,1,"[""bloc"", ""boylove"", ""boytoboy"", ""btob"", ""lgbt"", ""mafia"", ""myanmarfic"", ""romance"", ""Romance""]","[""psychology:sanity"", ""title:sanity"", ""psychology:insanity"", ""title:insanity"", ""multi-signal""]","[""reads=544140"", ""votes=15119"", ""comments=1193"", ""presentation:very-short-synopsis""]","{အဂ္ဂမဟာ+မာန်ရှိန်ပြင်း}

{အဂၢမဟာ+မာန္႐ွိန္ျပင္း}

(Dr.မာန်က အဂ္ဂအပိုင်!)

(Dr.မာန္က အဂၢအပိုင္!)"
True,https://www.wattpad.com/story/65343138,65343138,Midnight Philosophy ✓,23.1,11.338786154559182,34.43878615455918,100200,7896,1743,0,1,"[""lgbt"", ""micah"", ""midnight"", ""northbynorth"", ""philosophy"", ""shortstory"", ""sol"", ""taygetsthegay"", ""university"", ""weneeddiversity"", ""Short Story""]","[""philosophy:philosophy"", ""title:philosophy"", ""strong-tag:philosophy""]","[""reads=100200"", ""votes=7896"", ""comments=1743"", ""presentation:very-short-synopsis""]",Conversations between a self-professed narcissist and a baby-faced coffee-addict at ungodly hours.
True,https://www.wattpad.com/story/393915235,393915235,Shadows of Identity,20.3,13.137789141297269,33.43778914129727,39070,2127,242,0,1,"[""blseries"", ""boyxboy"", ""detective"", ""dew"", ""dewtee"", ""fanfiction"", ""gay"", ""gaylove"", ""junior"", ""juniormark"", ""lgbt"", ""mark"", ""mxm"", ""mystery"", ""nani"", ""sky"", ""skynani"", ""tee"", ""thaibl"", ""thriller"", ""Fanfiction""]","[""philosophy:identity"", ""title:identity"", ""philosophy:stoic""]","[""reads=39070"", ""votes=2127"", ""comments=242""]","Nani, a soft-hearted university student, lives a quiet life overshadowed by his older twin brother, MJ-a cold, calculating detective feared and respected at HQ. But when an attempt on Nani's life leaves him comatose, fate twists in the most impossible way: he wakes up in MJ's body.

Trapped in a world he doesn't understand, Nani struggles to play the role of a man he never truly knew. As he searches for the truth behind his attack, he crosses paths with Sky-MJ's stoic colleague who begins to see a strange new warmth in the man he once despised.

What begins as a dangerous deception slowly becomes something much more complicated... and much more human.

A story of identity, secrets, and the love that finds us when we least expect it."
True,https://www.wattpad.com/story/356017567,356017567,Psychological Torture • The Boys,18.4,12.40397886792391,30.80397886792391,35822,1157,123,0,1,"[""billybutcher"", ""blackoc"", ""blackreader"", ""genv"", ""homelander"", ""hughiecampbell"", ""mentallyunstable"", ""starlight"", ""supe"", ""theboys"", ""theboystv"", ""Fanfiction""]","[""psychology:psychological"", ""title:psychological"", ""psychology:mental health""]","[""reads=35822"", ""votes=1157"", ""comments=123""]","""you and I both know I can just make you do whatever the fuck I want, right?""

or...

In which Vought's most powerful supe is young adult with severe mental health issues and an intense cotton candy addiction

! I own none of 'The Boys' characters. I only own my original characters !"
True,https://www.wattpad.com/story/220648404,220648404,Trauma,17.0,13.162403625375937,30.162403625375937,23946,595,3121,0,1,"[""abuse"", ""billyboi"", ""depression"", ""dipperpines"", ""dipperxlilly"", ""dipperxpacifica"", ""dorito"", ""flashbacks"", ""gravityfalls"", ""lilly"", ""mabel"", ""mabelpines"", ""pacífica"", ""pinetrees"", ""romance"", ""shipping"", ""shootingstars"", ""stanford"", ""stanley"", ""suicide"", ""tourture"", ""trauma"", ""wendy"", ""Fanfiction""]","[""psychology:ptsd"", ""psychology:trauma"", ""title:trauma""]","[""reads=23946"", ""votes=595"", ""comments=3121""]","Who would have ever thought that the once brave and adventurous Dipper Pines would be broken and sobbing on the ground screaming for mercy to a force that only exists in his mind?

Who would have known that a simple memorable summer in a strange town named Gravity Falls would leave mental scars on a twelve year old?

Who would have known that three years later those scars still remain?

And who would have thought that a girl with light hair and blue eyes would be such a big part in Dippers story?

TW: this contains suicide, suicidal thoughts, panic and ptsd attacks.

AUTHORS NOTE: WARNING, I DID WRITE THIS WHEN I WAS 15, SO PLEASE BE WARNED THIS DOESNT MAKE MUCH SENSE AT TIMES AND I DIDNT DO MUCH RESEARCH AT ALL SO READ AT YOUR OWN RISK. IF YOUR LOOKING FOR AN AGNST FIC, THIS IS A GOOD ONE BUT LIKE I SAID, IT DOESNT MAKE MUCH SENSE AND WAS WRITTEN JUST FOR THE SAKE OF TOURTUREING DIPPER."
